id,conversation_id,created_at,date,time,timezone,user_id,username,name,place,tweet,language,mentions,urls,photos,replies_count,retweets_count,likes_count,hashtags,cashtags,link,retweet,quote_url,video,thumbnail,near,geo,source,user_rt_id,user_rt,retweet_id,reply_to,retweet_date,translate,trans_src,trans_dest
1472934928140881922,1472525076528521224,2021-12-20 10:20:27 SA Western Standard Time,2021-12-20,10:20:27,-0400,1470659538,ralph_hickman,Ralph Hickman,,"@lindamccorr @AOnnymus @David__Osland Tricky. In general I'd totally support the idea of pooled research services to enable MPs to ask for, be provided with, data/information.  And this is overseen by IPSA. When it's an organized group of MPs using it to fund briefing papers, with predefined conclusions... well ???",en,[],[],[],0,0,0,[],[],https://twitter.com/Ralph_Hickman/status/1472934928140881922,False,,0,,Republica Dominicana,,,,,,"[{'screen_name': 'lindamccorr', 'name': 'Linda Mccüè¥\U000e0067\U000e0062\U000e0073\U000e0063\U000e0074\U000e007füè¥\U000e0067\U000e0062\U000e0073\U000e0063\U000e0074\U000e007f #FBPE', 'id': '83483099'}, {'screen_name': 'AOnnymus', 'name': 'A new permanent name?', 'id': '1245714712056213507'}, {'screen_name': 'David__Osland', 'name': 'David__Osland', 'id': '3407247983'}]",,,,
1472934818811981835,1472934818811981835,2021-12-20 10:20:01 SA Western Standard Time,2021-12-20,10:20:01,-0400,55308417,arpae,ARPA-E,,Harnessing Emissions into Structures Taking Inputs from the Atmosphere (HESTIA) concept papers are due today!  HESTIA will transform the materials and designs that construct modern buildings to meet our current and future climate challenges. Read more:  https://t.co/hdS2ygicpX  https://t.co/bHosxsvA97,en,[],['https://bit.ly/3CWNxV9'],['https://pbs.twimg.com/media/FHDqaXBWQAQV2JY.png'],0,0,0,[],[],https://twitter.com/ARPAE/status/1472934818811981835,False,,1,https://pbs.twimg.com/media/FHDqaXBWQAQV2JY.png,Republica Dominicana,,,,,,[],,,,
1472934781440733198,1472907696156422149,2021-12-20 10:19:52 SA Western Standard Time,2021-12-20,10:19:52,-0400,2455716096,vid_spillman,D,,"Since you're reading these-as I knew you would-don't let me stop you from signing the papers, we don't have to say shit to each other. Since you're telling people what an asshole I am-tell them you tried to lock me out of mom's apartment last night when I went to check on Jess",en,[],[],[],0,0,0,[],[],https://twitter.com/vid_Spillman/status/1472934781440733198,False,,0,,Republica Dominicana,,,,,,[],,,,
1472934756165865478,1472934756165865478,2021-12-20 10:19:46 SA Western Standard Time,2021-12-20,10:19:46,-0400,839292681088040960,jack_of_wands,Jack Chanek,,My favorite part of the Pickingill Papers is where they say men are supposed to gently blow on the Devil's asshole BUT IT'S DEFINITELY NOT GAY.,en,[],[],[],0,0,0,[],[],https://twitter.com/jack_of_wands/status/1472934756165865478,False,,0,,Republica Dominicana,,,,,,[],,,,
1472934373934706696,1472725824788959233,2021-12-20 10:18:15 SA Western Standard Time,2021-12-20,10:18:15,-0400,1320331429927112704,sainzyosi,Yosi Alengre Sainz,,"Don't run old paper but new Jake Tapper all know all`s eyes render every body, you are going in ME these the toiletry th news papers reels, that not a Gospel go past both find then also up in, you are accosting children hiding behind because like Tiger cannot toe out seat facing.  https://t.co/ZlcpbwBqGI",en,[],[],[],0,0,0,[],[],https://twitter.com/SainzYosi/status/1472934373934706696,False,,1,https://pbs.twimg.com/ext_tw_video_thumb/1472934317819056138/pu/img/-_OjKTJ4b3Tz2mnN.jpg,Republica Dominicana,,,,,,[],,,,
1472934358306942983,1472934358306942983,2021-12-20 10:18:11 SA Western Standard Time,2021-12-20,10:18:11,-0400,1283707382183256064,69soxfera,Ë∂ÖÁµ∂Ê°ÉËâ≤NEWSÊñ∞ÈóªÂú∞ÈúáÈÄüÂ†±COVIT19ÊÉÖÂ†±SEXYPINK,,"Panama Papers Leak: ED ‡§¶‡§´‡•ç‡§§‡§∞ ‡§∏‡•á ‡§¨‡§æ‡§π‡§∞ ‡§®‡§ø‡§ï‡§≤‡•Ä‡§Ç ‡§ê‡§∂‡•ç‡§µ‡§∞‡•ç‡§Ø‡§æ ‡§∞‡•â‡§Ø, 5 ‡§ò‡§Ç‡§ü‡•á ‡§∏‡•á ‡§ú‡•ç‡§Ø‡§æ‡§¶‡§æ ‡§∏‡§Æ‡§Ø ‡§§‡§ï ‡§™‡•Ç‡§õ‡§§‡§æ‡§õ - Aaj Tak   https://t.co/5CqITzG42d  https://t.co/rlsd26XaE2",hi,[],['https://www.aajtak.in/india/news/story/aishwarya-rai-bachchan-summon-ed-panama-papers-leak-ntc-1376891-2021-12-20'],['https://pbs.twimg.com/media/FHDp_eCaQAAhimM.jpg'],0,0,0,[],[],https://twitter.com/69soxfera/status/1472934358306942983,False,,1,https://pbs.twimg.com/media/FHDp_eCaQAAhimM.jpg,Republica Dominicana,,,,,,[],,,,
1472934144241909764,1472934144241909764,2021-12-20 10:17:20 SA Western Standard Time,2021-12-20,10:17:20,-0400,2215711302,jdbtracker,Developer One,,"What a powerful tool we created, all of us, even I do not fully comprehend its simple yet profound mysteries.  Words, The Printing Press, so many powerful things.  Bitcoin is much like the morning papers, a common transcript, such a simple design..   https://t.co/xtpLSSxesH",en,[],['http://www.righto.com/2014/02/ascii-bernanke-wikileaks-photographs.html'],[],0,0,0,[],[],https://twitter.com/JDBtracker/status/1472934144241909764,False,,0,,Republica Dominicana,,,,,,[],,,,
1472934119223005184,1472726517377638403,2021-12-20 10:17:14 SA Western Standard Time,2021-12-20,10:17:14,-0400,925793250836996099,fernand55506296,Fernando Andrade,,@LassoSX Ahora pronunciarse por Pandora papers por favor se√±orito!!!!!#LassoEvassor,es,[],[],[],0,0,0,['lassoevassor'],[],https://twitter.com/Fernand55506296/status/1472934119223005184,False,,0,,Republica Dominicana,,,,,,"[{'screen_name': 'LassoSX', 'name': 'Santi Lasso üá™üá® - Saxalo', 'id': '570206652'}]",,,,
1472934046464450564,1472934046464450564,2021-12-20 10:16:57 SA Western Standard Time,2021-12-20,10:16:57,-0400,124218292,edvoterspa,Education Voters PA,,"In addition to meetings with teams, Mr. Przywara walks through schools to see in person, beyond papers and work orders, what the issues are with his own eyes. #FundOurSchoolsPA #SchoolsFundingTrial",en,[],[],[],0,0,0,"['fundourschoolspa', 'schoolsfundingtrial']",[],https://twitter.com/EdVotersPA/status/1472934046464450564,False,,0,,Republica Dominicana,,,,,,[],,,,
1472934006823915530,1472934006823915530,2021-12-20 10:16:47 SA Western Standard Time,2021-12-20,10:16:47,-0400,272877792,dafanedorky,Daphne M,,"This city has broken my heart in unimagineable pieces;  I had broke a bone &amp; cried some nights;  I met lessons but I can't decipher;  I've crumpled papers of a love letter;   But despite that, here is where I discovered my magic: Withstanding catastrophic events under the moon.  https://t.co/jPCRAfE7ry",en,[],[],['https://pbs.twimg.com/media/FHDpqzLVQAEvcCQ.jpg'],0,0,0,[],[],https://twitter.com/dafanedorky/status/1472934006823915530,False,,1,https://pbs.twimg.com/media/FHDpqzLVQAEvcCQ.jpg,Republica Dominicana,,,,,,[],,,,
1472933987299565575,1472589099445936137,2021-12-20 10:16:43 SA Western Standard Time,2021-12-20,10:16:43,-0400,49417249,urnersoul,Doc,,@Cutcardsart So sad the way Lyman was tragically taken from us. I remember reading the papers and seeing him light up the stat sheet.   Then........tragedy.,en,[],[],[],0,0,0,[],[],https://twitter.com/Urnersoul/status/1472933987299565575,False,,0,,Republica Dominicana,,,,,,"[{'screen_name': 'Cutcardsart', 'name': 'CutCards.art', 'id': '1447354240255598597'}]",,,,
1472933567860776966,1472707701696258050,2021-12-20 10:15:03 SA Western Standard Time,2021-12-20,10:15:03,-0400,116784416,rareflwr41,Dr. Rachael Beaton,,"@NikkoJCleri Yeah. No I've been on many papers and a 3rd round is abnormal. 6 rounds is not something I thought would be permitted, tbh.",en,[],[],[],0,0,0,[],[],https://twitter.com/rareflwr41/status/1472933567860776966,False,,0,,Republica Dominicana,,,,,,"[{'screen_name': 'NikkoJCleri', 'name': 'Nikko Cleri', 'id': '1441134880180424704'}]",,,,
1472933561250553862,1472933561250553862,2021-12-20 10:15:01 SA Western Standard Time,2021-12-20,10:15:01,-0400,774752732557213696,porthoethority,RNB SEX SYMBOL,,Abolish long papers man,tl,[],[],[],0,0,0,[],[],https://twitter.com/porthoethority/status/1472933561250553862,False,https://twitter.com/sawdaking/status/1472599528335454213,0,,Republica Dominicana,,,,,,[],,,,
1472933045057458179,1472933045057458179,2021-12-20 10:12:58 SA Western Standard Time,2021-12-20,10:12:58,-0400,1381986805441032195,youressaydoer,YourEssayDoer,,"Hire us for help with your essays, research papers, thesis, and dissertations. Quality work is fully guaranteed. üçíüçíüçíüçíüçíüçíüçíüçí #MondayMotivation",en,[],[],[],0,0,1,['mondaymotivation'],[],https://twitter.com/youressaydoer/status/1472933045057458179,False,,0,,Republica Dominicana,,,,,,[],,,,
1472932943312179200,1472634727131598851,2021-12-20 10:12:34 SA Western Standard Time,2021-12-20,10:12:34,-0400,2809183186,astraltx,Astral Scott,,"@dougisthe1 @Terrista2 @Jim_Jordan Here are the 2 versions. Now tell me how adding in the rest of the text changes their attempted coup. Quick hint, it doesn't. Federalist papers are just papers and not part of the Constitution or our laws.  https://t.co/VCVJRounGM",en,[],[],['https://pbs.twimg.com/media/FHDooFXWUAYr9OE.jpg'],0,0,0,[],[],https://twitter.com/AstralTX/status/1472932943312179200,False,,1,https://pbs.twimg.com/media/FHDooFXWUAYr9OE.jpg,Republica Dominicana,,,,,,"[{'screen_name': 'dougisthe1', 'name': 'Doug', 'id': '20657361'}, {'screen_name': 'Terrista2', 'name': 'Anti\\‚Ä¢Social‚Ä¢/Media', 'id': '1311121747114995712'}, {'screen_name': 'Jim_Jordan', 'name': 'Rep. Jim Jordan', 'id': '18166778'}]",,,,
1472932915243892737,1472929955524796426,2021-12-20 10:12:27 SA Western Standard Time,2021-12-20,10:12:27,-0400,549477290,bighairplasgras,Dan Epstein,,"This photo ran in papers around the country via AP on June 14, 1974. Afros were already extremely common in the entertainment world, but were still highly unusual on the MLB diamond.  https://t.co/bMaaUjChp4",en,[],[],['https://pbs.twimg.com/media/FHDoN6oXwAYQVMo.jpg'],1,0,3,[],[],https://twitter.com/BigHairPlasGras/status/1472932915243892737,False,,1,https://pbs.twimg.com/media/FHDoN6oXwAYQVMo.jpg,Republica Dominicana,,,,,,[],,,,
1472932717746601985,1472927093633728522,2021-12-20 10:11:40 SA Western Standard Time,2021-12-20,10:11:40,-0400,1514379060,jsbspartan,Joe Bradarich,,"@ErikLambert1 Paragraph four of your piece is a perfect synopsis and a case for giving him his walking papers. I don‚Äôt care if he well liked and still  the darling of senior management, this isn‚Äôt a popularity contest.",en,[],[],[],0,0,0,[],[],https://twitter.com/JSBSpartan/status/1472932717746601985,False,,0,,Republica Dominicana,,,,,,"[{'screen_name': 'ErikLambert1', 'name': 'Erik Lambert', 'id': '319117761'}]",,,,
1472932069697331201,1472252351528546305,2021-12-20 10:09:05 SA Western Standard Time,2021-12-20,10:09:05,-0400,69371673,steviemccoydj,Stevie McCoy,,"@Jenksno1 @_DeadShot_2909 100% pretty sure the wife was printing divorce papers üòÇüòÇüòÇüòÇüòÇ yeah not so bad, strange though one day you think it‚Äôs clearing next it‚Äôs back! So see how it goes!!",en,[],[],[],0,0,0,[],[],https://twitter.com/Steviemccoydj/status/1472932069697331201,False,,0,,Republica Dominicana,,,,,,"[{'screen_name': 'Jenksno1', 'name': 'Mark Jenkins', 'id': '57923765'}, {'screen_name': '_DeadShot_2909', 'name': 'DeadShot_', 'id': '1195323142236987392'}]",,,,
1472932022381338625,1472932022381338625,2021-12-20 10:08:54 SA Western Standard Time,2021-12-20,10:08:54,-0400,4233925857,prof_studies,Study Pro-ESSAY | ASSIGNMENT | HOMEWORK GURU,,Don't hesitate to contact us for final exams/assignment help Hire us to handle your papers in; Religion Homework SPSS Algebra Psychology Proposals Exams Geometry Ecology Physics Essay Excel Geography Assignments Criminology Lab report Bibliography Dissertation.  @prof_studies  https://t.co/AKgmbWeNEU,en,"[{'screen_name': 'prof_studies', 'name': 'study pro-essay | assignment | homework guru', 'id': '4233925857'}]",[],['https://pbs.twimg.com/media/FHDn3PkWUAoOIuU.jpg'],0,0,0,[],[],https://twitter.com/prof_studies/status/1472932022381338625,False,,1,https://pbs.twimg.com/media/FHDn3PkWUAoOIuU.jpg,Republica Dominicana,,,,,,[],,,,
1472931879879946243,1472931879879946243,2021-12-20 10:08:20 SA Western Standard Time,2021-12-20,10:08:20,-0400,249404377,lalfonso1961,Luis Alf. üì°üíØ%üåé,,"La clave para el triunfo en Chile de @gabrielboric fue la frase.. ""No voten nulo para que no seamos Ecuador"", o sea, ya somos el asco del planeta por pillos famosos como ""el pelele"", INA papers, ""el evasor del Tiktok"", Pandora papers, narcogenerales, 10/20, Varela del mill√≥n, üí©",es,"[{'screen_name': 'gabrielboric', 'name': 'gabriel boric font', 'id': '73981088'}]",[],[],0,0,1,[],[],https://twitter.com/lalfonso1961/status/1472931879879946243,False,https://twitter.com/LEXKANDER/status/1472707862250012677,0,,Republica Dominicana,,,,,,[],,,,
1472931663051202567,1472903305298853890,2021-12-20 10:07:28 SA Western Standard Time,2021-12-20,10:07:28,-0400,1409876558865702917,pigskinpapers,Dave Hartman,,@PatriotsGirlUSA @SpoonOfZeke IFB,und,[],[],[],0,0,1,[],[],https://twitter.com/PigskinPapers/status/1472931663051202567,False,,0,,Republica Dominicana,,,,,,"[{'screen_name': 'PatriotsGirlUSA', 'name': 'üéÑPG‚Ñ¢üíãüèàüá∫üá∏‚ô°Marilyn Monroe‚ô°', 'id': '823762852481732608'}, {'screen_name': 'SpoonOfZeke', 'name': 'Zeke‚Äôs Spoon', 'id': '1303431001885093891'}]",,,,
1472931471103037445,1472931471103037445,2021-12-20 10:06:43 SA Western Standard Time,2021-12-20,10:06:43,-0400,355985089,frz2003,Fr. Z(elonis),,"There‚Äôs a certain pile of papers, etc. I‚Äôm taking a pushbroom to in a couple minutes",en,[],[],[],0,0,2,[],[],https://twitter.com/FrZ2003/status/1472931471103037445,False,,0,,Republica Dominicana,,,,,,[],,,,
1472930516035055617,1472930516035055617,2021-12-20 10:02:55 SA Western Standard Time,2021-12-20,10:02:55,-0400,17524127,chescoramblings,ChesterCtyRamblings,,@debbiecenziper @WillFitzgibbon read the article with great interest as it is rumored there are some folks in #ChesterCountyPA who claim @WY_gov as a ‚Äúprimary residence‚Äù and do your Pandora Papers list everyone?  https://t.co/n5E8NdKRKq,en,"[{'screen_name': 'willfitzgibbon', 'name': 'will fitzgibbon', 'id': '385377678'}, {'screen_name': 'wy_gov', 'name': 'state of wyoming', 'id': '1435273601368956928'}]",['https://www.washingtonpost.com/business/interactive/2021/wyoming-trusts-finance-pandora-papers/'],[],0,0,0,['chestercountypa'],[],https://twitter.com/ChesCoRamblings/status/1472930516035055617,False,https://twitter.com/debbiecenziper/status/1472923545508499457,0,,Republica Dominicana,,,,,,[],,,,
1472930355531464713,1472930355531464713,2021-12-20 10:02:17 SA Western Standard Time,2021-12-20,10:02:17,-0400,45360908,majtoure,Maj Toure,,"They weren‚Äôt wearing a mask in @panerabread. What o do know is if Panera is doing this ‚Äúshow your papers‚Äù segregation, they shouldn‚Äôt get ANY of our business anymore. I‚Äôm personally done with them.",en,"[{'screen_name': 'panerabread', 'name': 'panera bread', 'id': '63586621'}]",[],[],1,4,22,[],[],https://twitter.com/MAJTOURE/status/1472930355531464713,False,https://twitter.com/danileelogan/status/1472929882179096576,0,,Republica Dominicana,,,,,,[],,,,
1472930237348560903,1472930237348560903,2021-12-20 10:01:48 SA Western Standard Time,2021-12-20,10:01:48,-0400,1214523841755713536,essaygenius_ctr,GENIUS ASSIGNMENT & ESSAY HELP WHAPP +12132125976,,Dm us to write your papers at affordable rates Essays Research paper  History  Accounting  Economics  Finance  Maths Physics  Sociology  Psychology  Literature  Class Exam Finals Astronomy  Project Case study  Coursework  We are ready to help. Hmu,en,[],[],[],0,0,0,[],[],https://twitter.com/essaygenius_ctr/status/1472930237348560903,False,,0,,Republica Dominicana,,,,,,[],,,,
1472929832262639622,1472929832262639622,2021-12-20 10:00:12 SA Western Standard Time,2021-12-20,10:00:12,-0400,938169992117407744,ieeeeds,IEEE Electron Devices Society,,"Join the @IEEEorg #ElectronDevicesSociety and receive access to the latest #ElectronDevices papers, webinars, and more! Discover all that EDS has to offer, and see what other #EDSYoungProfessionals are saying:  https://t.co/Fn7Mcy05Kp  https://t.co/bbkDwkhO8e",en,"[{'screen_name': 'ieeeorg', 'name': 'ieee', 'id': '54290504'}]",['https://bit.ly/3I4GSuR'],['https://pbs.twimg.com/media/FHDl34eXsAMJFBf.jpg'],0,0,0,"['electrondevicessociety', 'electrondevices', 'edsyoungprofessionals']",[],https://twitter.com/IEEEEDS/status/1472929832262639622,False,,1,https://pbs.twimg.com/media/FHDl34eXsAMJFBf.jpg,Republica Dominicana,,,,,,[],,,,
1472928978738556936,1472928978738556936,2021-12-20 09:56:48 SA Western Standard Time,2021-12-20,09:56:48,-0400,476365732,papersandtoe,Billy,, https://t.co/lPgUdMTp0z,und,[],['https://open.spotify.com/track/1xKQbqQtQWrtQS47fUJBtl?si=oS0KltGURYSnzGECK3zPfg'],[],0,0,0,[],[],https://twitter.com/PapersAndToe/status/1472928978738556936,False,,0,,Republica Dominicana,,,,,,[],,,,
1472928898136653832,1472928898136653832,2021-12-20 09:56:29 SA Western Standard Time,2021-12-20,09:56:29,-0400,1899113971,barakmendelsohn,Barak Mendelsohn,,Grading papers and wondering why the idea of causality is so difficult for students to grasp,en,[],[],[],0,1,1,[],[],https://twitter.com/BarakMendelsohn/status/1472928898136653832,False,,0,,Republica Dominicana,,,,,,[],,,,
1472928179404869632,1472926110895771663,2021-12-20 09:53:38 SA Western Standard Time,2021-12-20,09:53:38,-0400,268397728,ivanmontenegrot,Iv√°n Montenegro T,,"@oppenheimera @elnuevoherald y el hecho de que un gran monto de capitales de los m√°s ricos Latinoamericanos hayan estado siempre fuera (Panam√° papers, Pandora papers) significa que haya muy poco patriotismo de su parte: la rentabilidad financiera por encima de la Patria: doloroso no?",es,[],[],[],0,0,1,[],[],https://twitter.com/ivanmontenegrot/status/1472928179404869632,False,,0,,Republica Dominicana,,,,,,"[{'screen_name': 'oppenheimera', 'name': 'Andres Oppenheimer', 'id': '224400256'}, {'screen_name': 'elnuevoherald', 'name': 'el Nuevo Herald', 'id': '34641036'}]",,,,
1472927814601089033,1472912733272215561,2021-12-20 09:52:11 SA Western Standard Time,2021-12-20,09:52:11,-0400,3282912878,gone2china,BMW,,@RuckSacWoods @Heatfan1010 I teach university English‚Äî end of semester. I have been up since 4 am grading 5 paragraph essays and 2000 word research papers.,en,[],[],[],1,0,0,[],[],https://twitter.com/Gone2China/status/1472927814601089033,False,,0,,Republica Dominicana,,,,,,"[{'screen_name': 'RuckSacWoods', 'name': 'James Woods', 'id': '3302591605'}, {'screen_name': 'Heatfan1010', 'name': 'A-Dub', 'id': '40307435'}]",,,,
1472927735764893699,1472927733760024579,2021-12-20 09:51:52 SA Western Standard Time,2021-12-20,09:51:52,-0400,1344072144850972672,iamican2021,ICAN2021 üáÆüá™,,"Crucially, it tries to estimate the VOLUME of cases prevented. This determines the impact of the outbreak, so that‚Äôs what we should focus on.  Other papers (eg below) looked at the delay in arrival time of the first case, which is almost pointless. 2/  https://t.co/T3p0u4S8wV",en,[],['https://www.ncbi.nlm.nih.gov/pmc/articles/PMC7411317/'],[],1,0,0,[],[],https://twitter.com/IamICAN2021/status/1472927735764893699,False,,0,,Republica Dominicana,,,,,,[],,,,
1472927234994417667,1472927234994417667,2021-12-20 09:49:53 SA Western Standard Time,2021-12-20,09:49:53,-0400,22386555,jorgearestrepo,Jorge Restrepo,,"Han liberado parte de los Pandora Papers para consulta p√∫blica. Con esta informaci√≥n la @DIANColombia y la @FiscaliaCol podr√°n adelantar investigaciones para detectar evasi√≥n de impuestos, como se hizo con los ""PanamaPapers"". ¬øPara cu√°ndo?  https://t.co/w2ATypxRdn",es,"[{'screen_name': 'diancolombia', 'name': 'diancolombia', 'id': '186182226'}, {'screen_name': 'fiscaliacol', 'name': 'fiscal√≠a colombia', 'id': '219990061'}]",['https://www.connectas.org/nuevos-documentos-pandora-papers-offshore-leaks/'],[],0,3,4,[],[],https://twitter.com/JorgeARestrepo/status/1472927234994417667,False,,0,,Republica Dominicana,,,,,,[],,,,
1472927210315132929,1472926532905615364,2021-12-20 09:49:47 SA Western Standard Time,2021-12-20,09:49:47,-0400,415250258,chrisfried78,Chris Fried,,@Chris_arnade I once thought highly of WashPost.  Thought that and WSJ were best national papers.  Then Graham family sold the paper &amp; it went down hill.  WSJ has taken a significant hit as well.  I was raised in what may have been the golden age of journalism. Back to the late 1800s for news!,en,[],[],[],0,0,0,[],[],https://twitter.com/ChrisFried78/status/1472927210315132929,False,,0,,Republica Dominicana,,,,,,"[{'screen_name': 'Chris_arnade', 'name': 'Chris Arnade üê¢', 'id': '459483899'}]",,,,
1472927123606315018,1471898558119006217,2021-12-20 09:49:26 SA Western Standard Time,2021-12-20,09:49:26,-0400,996794189634469889,crazycdn2,Crazycdn,,@JeffBaggaley @GottabeKD1267 @Tim_Bousquet He is a medical expert in cardiology and his peer reviewed papers are mostly in this area. He has been proven in studies that he is incorrect on covid.,en,[],[],[],1,0,0,[],[],https://twitter.com/Crazycdn2/status/1472927123606315018,False,,0,,Republica Dominicana,,,,,,"[{'screen_name': 'JeffBaggaley', 'name': 'Immanuel1', 'id': '1726431228'}, {'screen_name': 'GottabeKD1267', 'name': 'Salty Sea Girl', 'id': '1054417571095691266'}, {'screen_name': 'Tim_Bousquet', 'name': 'Tim Bousquet', 'id': '86622558'}]",,,,
1472926947021922309,1472926947021922309,2021-12-20 09:48:44 SA Western Standard Time,2021-12-20,09:48:44,-0400,1264229969691058181,amitsharmalie,Amit Sharma,,Aishwarya Rai Bachchan summoned in Panama Papers case; seeks time from investigators  https://t.co/IrKZBSquGd,en,[],['https://www.republicworld.com/entertainment-news/bollywood-news/aishwarya-rai-bachchan-summoned-in-panama-papers-case-seeks-time-from-investigators.html'],[],0,0,0,[],[],https://twitter.com/amitsharmalie/status/1472926947021922309,False,,0,,Republica Dominicana,,,,,,[],,,,
1472926943616151555,1472596592406507528,2021-12-20 09:48:43 SA Western Standard Time,2021-12-20,09:48:43,-0400,18530341,trader224,Ben Dover,,"@JoJoFromJerz A re-read of the Federalist papers as well as US Constitution and how Senators are elected, should clear up your confusion.",en,[],[],[],0,0,0,[],[],https://twitter.com/trader224/status/1472926943616151555,False,,0,,Republica Dominicana,,,,,,"[{'screen_name': 'JoJoFromJerz', 'name': 'Jo', 'id': '818893114979061761'}]",,,,
1472926713487282184,1472912733272215561,2021-12-20 09:47:48 SA Western Standard Time,2021-12-20,09:47:48,-0400,3282912878,gone2china,BMW,,@RuckSacWoods @Heatfan1010 Ha ha hilarious‚Äî-I am literally grading research papers‚Ä¶ just shows we all make mistakes- even when we know better.,en,[],[],[],1,0,0,[],[],https://twitter.com/Gone2China/status/1472926713487282184,False,,0,,Republica Dominicana,,,,,,"[{'screen_name': 'RuckSacWoods', 'name': 'James Woods', 'id': '3302591605'}, {'screen_name': 'Heatfan1010', 'name': 'A-Dub', 'id': '40307435'}]",,,,
1472926699692204037,1472926699692204037,2021-12-20 09:47:45 SA Western Standard Time,2021-12-20,09:47:45,-0400,1092090671257800704,cof_papers,COF_Papers,,Enhanced Emission by Stacking of Crown Ether Side Chains in A 2D Covalent Organic Framework  https://t.co/V0gEYfTOFH,en,[],['http://pubs.rsc.org/en/Content/ArticleLanding/2022/CC/D1CC03409J'],[],0,0,1,[],[],https://twitter.com/COF_papers/status/1472926699692204037,False,,0,,Republica Dominicana,,,,,,[],,,,
1472926613771853830,1472926613771853830,2021-12-20 09:47:25 SA Western Standard Time,2021-12-20,09:47:25,-0400,529699231,postgradcourses,Postgrad.ie,,"The Diana International Research Conference has issued a call for papers for its 2022 event. The Conference brings together more than 100 scholars worldwide, providing a forum to share global research dedicated to gender &amp; women‚Äôs entrepreneurship.  https://t.co/N2LHxKaVKO",en,[],['https://www.postgrad.ie/blog/call-for-papers-2022-diana-international-research-conference/'],[],0,0,0,[],[],https://twitter.com/postgradcourses/status/1472926613771853830,False,,0,,Republica Dominicana,,,,,,[],,,,
1472926562932641797,1472530225590325248,2021-12-20 09:47:12 SA Western Standard Time,2021-12-20,09:47:12,-0400,1136815742517743617,ilovebiafrans,i‚ù§Ô∏èbiafrans,,@ifeanyiakorjuru unity by force‚Ä¶ someone is refusing to sign divorce papers because they‚Äôre a leech,en,[],[],[],0,0,0,[],[],https://twitter.com/ilovebiafrans/status/1472926562932641797,False,,0,,Republica Dominicana,,,,,,"[{'screen_name': 'ifeanyiakorjuru', 'name': 'I_am ify', 'id': '571951794'}]",,,,
1472926522805821447,1472926522805821447,2021-12-20 09:47:03 SA Western Standard Time,2021-12-20,09:47:03,-0400,1306483162034442240,brighter_essays,DO MY COLLEGE#ESSAYS #Hw #ONLINE EXAMS CENTER,,Dm us to write your papers at affordable rates Essays Research paper  History  Accounting  Economics  Finance  Maths Physics  Sociology  Psychology  Literature  Class Exam Finals Astronomy  Project Case study  Coursework  We are ready to help. Hmu,en,[],[],[],0,0,0,[],[],https://twitter.com/Brighter_Essays/status/1472926522805821447,False,,0,,Republica Dominicana,,,,,,[],,,,
1472926439385321484,1472586851814981641,2021-12-20 09:46:43 SA Western Standard Time,2021-12-20,09:46:43,-0400,2194204362,lordnishar,Joseph Mason,,@Sifill_LDF Read the Federalist papers,en,[],[],[],0,0,0,[],[],https://twitter.com/LordNishar/status/1472926439385321484,False,,0,,Republica Dominicana,,,,,,"[{'screen_name': 'Sifill_LDF', 'name': 'Sherrilyn Ifill', 'id': '1507338108'}]",,,,
1472925503208099840,1472925503208099840,2021-12-20 09:43:00 SA Western Standard Time,2021-12-20,09:43:00,-0400,95670637,jrsjournal,JRSJournal,,CALL FOR PAPERS: submit a manuscript to @JRSCRJournal today  https://t.co/t0UzJyZzdP  https://t.co/LTJqNhe4Wy,en,"[{'screen_name': 'jrscrjournal', 'name': 'jrscrjournal', 'id': '1374038975359414280'}]",['https://www.healio.com/jrscr'],['https://pbs.twimg.com/media/FFrjnXVXsAA4VLF.jpg'],0,0,0,[],[],https://twitter.com/JRSJournal/status/1472925503208099840,False,,1,https://pbs.twimg.com/media/FFrjnXVXsAA4VLF.jpg,Republica Dominicana,,,,,,[],,,,
1472924860670173189,1472924860670173189,2021-12-20 09:40:27 SA Western Standard Time,2021-12-20,09:40:27,-0400,1021301214,felixeduardoco1,felixeduardocornejo ,,"Escuchando a los asamble√≠stas de manera especial a los de la bancada de Pachakutik de lo ocurrido q es evidente, no existe problema del desmembramiento en la votaci√≥n de los Pandora Papers. Los 24 deben ser llevados a la iglesia para q se comulguen y confiesen s no tienen culpa.",es,[],[],[],0,0,0,[],[],https://twitter.com/felixeduardoco1/status/1472924860670173189,False,,0,,Republica Dominicana,,,,,,[],,,,
1472924525389959169,1472788005689696258,2021-12-20 09:39:07 SA Western Standard Time,2021-12-20,09:39:07,-0400,1299358460396449792,lvsnipe,xUNHEILvSNIPEZx,,@Lukewearechange Papers Please  https://t.co/FJ5ssMFh0d,en,[],[],['https://pbs.twimg.com/tweet_video_thumb/FHDhC-5UcAYmJ_c.jpg'],0,0,0,[],[],https://twitter.com/LvSnipe/status/1472924525389959169,False,,1,https://pbs.twimg.com/tweet_video_thumb/FHDhC-5UcAYmJ_c.jpg,Republica Dominicana,,,,,,"[{'screen_name': 'Lukewearechange', 'name': 'Luke Rudkowski', 'id': '95994080'}]",,,,
1472923752031739913,1472923752031739913,2021-12-20 09:36:02 SA Western Standard Time,2021-12-20,09:36:02,-0400,840188174,ncfacanada,NCFA Canada,,"2023 The International #Accounting Standards Board Research Forum @IFRSFoundation ‚Äî call for papers on the theme of ""accounting for intangible assets"":  https://t.co/aLA2ttPyHt  #finance #accounting #fintech #financialservices #intangibleassets",en,"[{'screen_name': 'ifrsfoundation', 'name': 'ifrs foundation', 'id': '179954463'}]",['https://ncfacanada.org/2023-the-international-accounting-standards-board-research-forum-call-for-papers/'],[],0,0,0,"['accounting', 'finance', 'accounting', 'fintech', 'financialservices', 'intangibleassets']",[],https://twitter.com/NCFACanada/status/1472923752031739913,False,,0,,Republica Dominicana,,,,,,[],,,,
1472923545508499457,1472923545508499457,2021-12-20 09:35:13 SA Western Standard Time,2021-12-20,09:35:13,-0400,739853589754093569,debbiecenziper,Debbie Cenziper,,"""We never thought about the oligarchs.""  New from the Pandora Papers w/ @WillFitzgibbon at @ICIJorg   The ‚ÄòCowboy Cocktail‚Äô: How Wyoming became one of the world‚Äôs top tax havens  https://t.co/o6geihD3Kx",en,"[{'screen_name': 'willfitzgibbon', 'name': 'will fitzgibbon', 'id': '385377678'}, {'screen_name': 'icijorg', 'name': 'icij', 'id': '131935861'}]",['https://www.washingtonpost.com/business/interactive/2021/wyoming-trusts-finance-pandora-papers/?tid=ss_tw'],[],0,0,1,[],[],https://twitter.com/debbiecenziper/status/1472923545508499457,False,,0,,Republica Dominicana,,,,,,[],,,,
1472923458594123780,1472923458594123780,2021-12-20 09:34:52 SA Western Standard Time,2021-12-20,09:34:52,-0400,3301855526,debater2016,David Ingram,,"Wow! He will regret getting all those unnecessary boosters as he lay dying‚Ä¶‚Ä¶.or will he? Did he show his, I‚Äôve has 4 booster papers?? Bet he hasn‚Äôt had ant..just a shill for biden‚Ä¶.",en,[],[],[],1,0,1,[],[],https://twitter.com/debater2016/status/1472923458594123780,False,https://twitter.com/bigbluexlt/status/1472847708885037056,0,,Republica Dominicana,,,,,,[],,,,
1472923456526299139,1472923456526299139,2021-12-20 09:34:52 SA Western Standard Time,2021-12-20,09:34:52,-0400,1189820552527130624,kijomba1,Neok‚Ñ¢ üñäÔ∏èüìö,,"If you are a lecturer or a pedagogy member, it is unnecessary to list all your papers in your CV/Resume. Instead, have a Google Scholar Author Profile or an @ORCID_Org Profile Link [hyperlink in the CV] where all your papers are for easier access.¬†#CV #LinkedIn #IkoKaziKE",en,"[{'screen_name': 'orcid_org', 'name': 'orcid organization', 'id': '148815591'}]",[],[],0,3,5,"['cv', 'linkedin', 'ikokazike']",[],https://twitter.com/kijomba1/status/1472923456526299139,False,,0,,Republica Dominicana,,,,,,[],,,,
1472923417036963841,1472923417036963841,2021-12-20 09:34:42 SA Western Standard Time,2021-12-20,09:34:42,-0400,314143339,mook_ali,Mook,,So glad I‚Äôm done with school. Niggas really had me writing 60 page papers n shit like I wan in trouble or sumn.,en,[],[],[],0,1,2,[],[],https://twitter.com/Mook_Ali/status/1472923417036963841,False,,0,,Republica Dominicana,,,,,,[],,,,
1472923367258923012,1472923367258923012,2021-12-20 09:34:31 SA Western Standard Time,2021-12-20,09:34:31,-0400,2917396821,jdodsonmd,John Dodson,,I ‚ù§Ô∏è when my papers are made public access @NLM_NIH - as knowledge should be. Just published (for the public):  https://t.co/NVKGWL0AIj @mad_sters @deborahestrin @quin_denfeld @RuthMCreber @MichaelGNanna @ErinMichos @SethShayMartin @iamritu @shisadoctor @SpatzErica @DrDamluji,en,"[{'screen_name': 'nlm_nih', 'name': 'national library of medicine', 'id': '106895787'}, {'screen_name': 'mad_sters', 'name': 'madeline sterling, md, mph', 'id': '1164927036'}, {'screen_name': 'deborahestrin', 'name': 'deborahestrin', 'id': '15394533'}, {'screen_name': 'quin_denfeld', 'name': 'quin denfeld, phd, rn', 'id': '832324049845915648'}, {'screen_name': 'ruthmcreber', 'name': 'ruth masterson creber phd, rn, faha, faan', 'id': '938050035366887424'}, {'screen_name': 'michaelgnanna', 'name': 'michael nanna', 'id': '929987567541305344'}, {'screen_name': 'erinmichos', 'name': 'erin d. michos, m.d.', 'id': '2934375069'}, {'screen_name': 'sethshaymartin', 'name': 'seth martin', 'id': '1258578710'}, {'screen_name': 'iamritu', 'name': 'ritu thamman md', 'id': '102874115'}, {'screen_name': 'shisadoctor', 'name': 'sandra shi', 'id': '987834050533580800'}, {'screen_name': 'spatzerica', 'name': 'erica spatz', 'id': '2318041910'}, {'screen_name': 'drdamluji', 'name': 'abdulla a. damluji, md, phd | üèäüèª\u200d‚ôÇÔ∏èüö¥üèª\u200d‚ôÇÔ∏èüèÉüèª', 'id': '3225118081'}]",['https://www.ncbi.nlm.nih.gov/pmc/articles/PMC8684600/'],[],0,0,4,[],[],https://twitter.com/JDodsonMD/status/1472923367258923012,False,,0,,Republica Dominicana,,,,,,[],,,,
1472923292042506243,1472702045027246086,2021-12-20 09:34:13 SA Western Standard Time,2021-12-20,09:34:13,-0400,1059253821862526982,adam61925276,Adam,,@soleangusfr @emiliayepeza ¬øTienes papers sobre eso? Es f√°cil lanzar cualquier dato sin referencias.,es,[],[],[],0,0,0,[],[],https://twitter.com/Adam61925276/status/1472923292042506243,False,,0,,Republica Dominicana,,,,,,"[{'screen_name': 'soleangusfr', 'name': 'Soledad Angus Frer√©', 'id': '706609000830406656'}, {'screen_name': 'emiliayepeza', 'name': 'Mara', 'id': '195937778'}]",,,,
1472923129290842117,1472727550661124097,2021-12-20 09:33:34 SA Western Standard Time,2021-12-20,09:33:34,-0400,504911945,rlluko,Rachie,,@MFmain10 @GlueTheComic @francesco1221 @ElleDR2 @RochelleSkiine1 @RodK42A Imagine not knowing the Nazi police in Germany didn‚Äôt check the papers for everyone.,en,[],[],[],1,0,0,[],[],https://twitter.com/rlluko/status/1472923129290842117,False,,0,,Republica Dominicana,,,,,,"[{'screen_name': 'MFmain10', 'name': 'MFmain10', 'id': '1217410807845347329'}, {'screen_name': 'GlueTheComic', 'name': 'Glue the Choir Preacher', 'id': '170226813'}, {'screen_name': 'francesco1221', 'name': 'Clayton Emmer', 'id': '5929042'}, {'screen_name': 'ElleDR2', 'name': 'Elle D. Wetherbee@TossOutTheGrift.', 'id': '1228437899126816768'}, {'screen_name': 'RochelleSkiine1', 'name': 'Rochelle Skiiner', 'id': '770403830383022080'}, {'screen_name': 'RodK42A', 'name': 'üá∫üá∏Rod1776üá∫üá∏', 'id': '1362585430496063489'}]",,,,
1472922818039926785,1472922818039926785,2021-12-20 09:32:20 SA Western Standard Time,2021-12-20,09:32:20,-0400,1462560818,bt_mytweets,B.T.,,"It's nuts this Act can't get through Congress. You need to run this in local papers &amp; on local TV a lot. The majority of the population does not subscribe to the WSJ, Wash. Post, NYT. Stop focusing on  a small minority. Get with the program @TheDemocrats. Where are the ads?",en,"[{'screen_name': 'thedemocrats', 'name': 'the democrats', 'id': '14377605'}]",[],[],0,0,1,[],[],https://twitter.com/BT_MyTweets/status/1472922818039926785,False,https://twitter.com/MeidasTouch/status/1472231680895184898,0,,Republica Dominicana,,,,,,[],,,,
1472922753049063429,1471797322531049472,2021-12-20 09:32:04 SA Western Standard Time,2021-12-20,09:32:04,-0400,1023693229,nynomadfjc,Edward Teach,,@SCMPNews Hitler would be proud to see his mandatory papers requirement to move throughout Nazi occupied Europe going high tech,en,[],[],[],0,0,0,[],[],https://twitter.com/NyNomadFJC/status/1472922753049063429,False,,0,,Republica Dominicana,,,,,,"[{'screen_name': 'SCMPNews', 'name': 'South China Morning Post', 'id': '23922797'}]",,,,
1472922501038673923,1472015152837009414,2021-12-20 09:31:04 SA Western Standard Time,2021-12-20,09:31:04,-0400,1539728880,giovoescorza,Giovanni Escorza Pes√°ntez,,"@LeoOrlandoA Con los Pandora Papers y con evidencia, Villavicencio apenas movi√≥ el rabo, ahora arma un esc√°ndalo, crea condiciones medi√°ticas, las posiciona y quiere judicializarlas, repite la misma agenda y patra√±a. Ec. Orlando su trabajo decidido y transparente es garant√≠a frente al odio.",es,[],[],[],0,0,0,[],[],https://twitter.com/giovoescorza/status/1472922501038673923,False,,0,,Republica Dominicana,,,,,,"[{'screen_name': 'LeoOrlandoA', 'name': 'Leonardo Orlando A.', 'id': '2341412985'}]",,,,
1472922475755450380,1472922475755450380,2021-12-20 09:30:58 SA Western Standard Time,2021-12-20,09:30:58,-0400,168835292,desautels_phd,Lori Desautels,,Fall Semester 2021 has come to an end! Grades are in and I am so grateful to sit beside these graduate students in education in this time! Comparative analysis papers and projects were outstanding!  See you in January!  https://t.co/dM1THoEcvZ,en,[],[],"['https://pbs.twimg.com/media/FHDfIiFXoAQl_15.png', 'https://pbs.twimg.com/media/FHDfK-8XwAMB_Wu.jpg']",0,0,2,[],[],https://twitter.com/desautels_phd/status/1472922475755450380,False,,1,https://pbs.twimg.com/media/FHDfIiFXoAQl_15.png,Republica Dominicana,,,,,,[],,,,
1472922336454230017,1472921907192344576,2021-12-20 09:30:25 SA Western Standard Time,2021-12-20,09:30:25,-0400,2491804962,englishteach07,Jess Piper,,I‚Äôm not feigning ignorance‚Ä¶I still read the papers and I know what he‚Äôs doing. His tweets are disgusting though.,en,[],[],[],1,1,38,[],[],https://twitter.com/EnglishTeach07/status/1472922336454230017,False,,0,,Republica Dominicana,,,,,,[],,,,
1472922308650180611,1472922308650180611,2021-12-20 09:30:18 SA Western Standard Time,2021-12-20,09:30:18,-0400,7283422,hemna,Walt Boring,,NY Nazis at work. You must show your papers!  SHOW YOUR PAPERS!  @NYCMayor #nazis #ShowYourPapers #NYC #NewYork,en,"[{'screen_name': 'nycmayor', 'name': 'mayor bill de blasio', 'id': '19834403'}]",[],[],0,0,0,"['nazis', 'showyourpapers', 'nyc', 'newyork']",[],https://twitter.com/hemna/status/1472922308650180611,False,https://twitter.com/TrumpJew2/status/1472677295655727112,0,,Republica Dominicana,,,,,,[],,,,
1472922283765342211,1472916593013399557,2021-12-20 09:30:12 SA Western Standard Time,2021-12-20,09:30:12,-0400,1371158317066764301,klangwandler,Der Klangwandler (Andres Staeubli),,Quintessenz des neusten moderne Papers @BAG_OFSP_UFSP  @Swissmedic_   Zulassung #Booster f√ºr √§ltere Erwachsene ab 30 Jahren auf 100 ¬µg mRNA-1273 ab√§ndern. Das w√ºrde Risikogruppen einiges besser vor #Omicron sch√ºtzen.,de,"[{'screen_name': 'bag_ofsp_ufsp', 'name': 'bag ‚Äì ofsp ‚Äì ufsp', 'id': '326650532'}, {'screen_name': 'swissmedic_', 'name': 'swissmedic', 'id': '786385092'}]",[],[],0,0,0,"['booster', 'omicron']",[],https://twitter.com/klangwandler/status/1472922283765342211,False,,0,,Republica Dominicana,,,,,,[],,,,
1472921865333129221,1472921865333129221,2021-12-20 09:28:32 SA Western Standard Time,2021-12-20,09:28:32,-0400,152374093,panoramapapers,Panorama Papers,,Cameroun &gt; Violences dans le Logone et Chari: Les trois sons de cloche de l‚ÄôUdc pour un retour √† la paix  https://t.co/Hv6qzeuwtx,fr,[],['https://panoramapapers.com/cameroun-violences-dans-le-logone-et-chari-les-trois-sons-de-cloche-de-ludc-pour-un-retour-a-la-paix/'],[],0,0,0,[],[],https://twitter.com/Panoramapapers/status/1472921865333129221,False,,0,,Republica Dominicana,,,,,,[],,,,
1472921736387649537,1472921736387649537,2021-12-20 09:28:02 SA Western Standard Time,2021-12-20,09:28:02,-0400,34720331,beineckelibrary,Beinecke Library,,"Letter : Czes≈Çaw Mi≈Çosz, 1976 December 20, Berkeley, California to Joseph Brodsky From: Joseph Brodsky Papers  https://t.co/TKjxKAmtSf  https://t.co/syh3ZtTOmf",und,[],['https://bit.ly/2vkOsO7'],"['https://pbs.twimg.com/media/FHDegrzWUAY_FkZ.jpg', 'https://pbs.twimg.com/media/FHDeg2HWUAIFi2E.jpg']",0,2,5,[],[],https://twitter.com/BeineckeLibrary/status/1472921736387649537,False,,1,https://pbs.twimg.com/media/FHDegrzWUAY_FkZ.jpg,Republica Dominicana,,,,,,[],,,,
1472921590643965955,1472890513200144398,2021-12-20 09:27:27 SA Western Standard Time,2021-12-20,09:27:27,-0400,106498301,marcoanibal,Marco Navas,,"@fabriciogv9 @JuanFraRoman Para vos todo debe ser gracioso: eres articulista de La Hora y militas en CREO as√≠ imposible entender lo de Pachakutik  Debes re√≠rte por Pandora Papers, por centenares de asesinados en las c√°rceles, por el desastre socioecon√≥mico en apenas 7 meses  Tranquilo, tu IQ no da para m√°s",es,[],[],[],1,0,0,[],[],https://twitter.com/MarcoAnibal/status/1472921590643965955,False,,0,,Republica Dominicana,,,,,,"[{'screen_name': 'fabriciogv9', 'name': 'Fabricio Guerrero Velez üéÑ', 'id': '1180178139462488064'}, {'screen_name': 'JuanFraRoman', 'name': 'Juan F. Rom√°n', 'id': '375454907'}]",,,,
1472921378009530368,1472597840711012354,2021-12-20 09:26:36 SA Western Standard Time,2021-12-20,09:26:36,-0400,275760399,countertenor49,countertenor,,"@JoyceWhiteVance He‚Äôs writing his own unemployment papers. Please tag him in EVERY tweet. He‚Äôs got to be flooded with proof his actions go against the entire country. We can‚Äôt forget that not one Republican voted in favor, and totally because it‚Äôs not their own bill.",en,[],[],[],0,0,0,[],[],https://twitter.com/countertenor49/status/1472921378009530368,False,,0,,Republica Dominicana,,,,,,"[{'screen_name': 'JoyceWhiteVance', 'name': 'Joyce Alene', 'id': '548384458'}]",,,,
1472920397506961408,1472920397506961408,2021-12-20 09:22:42 SA Western Standard Time,2021-12-20,09:22:42,-0400,3352794913,missskayleeanne,Kaylee,,"Ever had an ex who cheated on you and then blamed you for it and then begged for you back only to dump you less than 2 weeks later and get another new girlfriend before you could even move out of your house and file divorce papers? Oh, just me? üëçüèº",en,[],[],[],0,0,0,[],[],https://twitter.com/missskayleeanne/status/1472920397506961408,False,,0,,Republica Dominicana,,,,,,[],,,,
1472919935143727108,1472919935143727108,2021-12-20 09:20:52 SA Western Standard Time,2021-12-20,09:20:52,-0400,1912670460,escher911,Escher Nineeleven,,WATCH: NY Cops Arrest Multiple ‚ÄúUnvaccinated‚Äù for Trying to Eat Dinner Without Showing Papers  https://t.co/k8yoSwT0Vg,en,[],['https://www.blacklistednews.com/article/81425/watch-ny-cops-arrest-multiple-unvaccinated-for-trying-to-eat-dinner-without-showing.html'],[],0,0,0,[],[],https://twitter.com/Escher911/status/1472919935143727108,False,,0,,Republica Dominicana,,,,,,[],,,,
1472919421970698245,1472919421970698245,2021-12-20 09:18:50 SA Western Standard Time,2021-12-20,09:18:50,-0400,27347950,jonathantamari,Jonathan Tamari,,NEW: Likely PA Senate candidate David McCormick (R) is launching a $1m+ ad buy this week.   And he's filing IRS papers to allow him to raise money ahead of a campaign launch.  His first public signals of his intentions:  https://t.co/9t7C11MuuV,en,[],['https://www.inquirer.com/politics/pennsylvania/david-mccormick-running-for-us-senate-pa-2022-20211220.html'],[],1,3,4,[],[],https://twitter.com/JonathanTamari/status/1472919421970698245,False,,0,,Republica Dominicana,,,,,,[],,,,
1472919016587018240,1472808117498904579,2021-12-20 09:17:13 SA Western Standard Time,2021-12-20,09:17:13,-0400,1464695471864266758,merleklebanoff,Merle Klebanoff,,@OldManLefty1 Send emails and tweets to local papers!  Get the attention of those in WV!,en,[],[],[],0,0,0,[],[],https://twitter.com/MerleKlebanoff/status/1472919016587018240,False,,0,,Republica Dominicana,,,,,,"[{'screen_name': 'OldManLefty1', 'name': 'Old Man Lefty', 'id': '1321319260249972736'}]",,,,
1472918786500173824,1472918786500173824,2021-12-20 09:16:18 SA Western Standard Time,2021-12-20,09:16:18,-0400,19436434,yaffle1972,A-Jay in a Manger üéÖ,,Apparently cabinet have not been sent the papers before the meeting. Probably an attempt to stop one or more of them leaking it to the press before the meeting takes place. We're in the realms of a dysfunctional government at a time of national crisis.,en,[],[],[],0,0,0,[],[],https://twitter.com/yaffle1972/status/1472918786500173824,False,,0,,Republica Dominicana,,,,,,[],,,,
1472918358907621376,1472608113920561156,2021-12-20 09:14:36 SA Western Standard Time,2021-12-20,09:14:36,-0400,24631812,dougthomps,Doug Thompson,,"@PowerofAcademe If you plan to write a book gaps are completely normal (not all chapters can be published), and even if you're planning articles only, conference papers are evidence of research toward publication. I wouldn't even think of that as a ""gap,"" especially in the context of diss etc",en,[],[],[],1,0,2,[],[],https://twitter.com/dougthomps/status/1472918358907621376,False,,0,,Republica Dominicana,,,,,,"[{'screen_name': 'PowerofAcademe', 'name': 'Dr. Power', 'id': '729678868529942530'}]",,,,
1472918206985691137,1472918206985691137,2021-12-20 09:14:00 SA Western Standard Time,2021-12-20,09:14:00,-0400,1852593571,fernaranjo,Fernando Naranjo,,Pandora Papers otro general con sueldo de Presidente de donde el billete üêÄüêÄüêÄ  https://t.co/oINR9n2gbg,es,[],[],['https://pbs.twimg.com/media/FHDbSPzXEAglwt7.jpg'],0,0,0,[],[],https://twitter.com/fernaranjo/status/1472918206985691137,False,,1,https://pbs.twimg.com/media/FHDbSPzXEAglwt7.jpg,Republica Dominicana,,,,,,[],,,,
1472917870514343936,1472688029433171970,2021-12-20 09:12:40 SA Western Standard Time,2021-12-20,09:12:40,-0400,400458925,natstann,Natalie Stanley,,@JoleneRanek Impressive! I guess we know the secret now about how papers approaching textbooks are made ;),en,[],[],[],0,0,1,[],[],https://twitter.com/natstann/status/1472917870514343936,False,,0,,Republica Dominicana,,,,,,"[{'screen_name': 'JoleneRanek', 'name': 'Jolene Ranek', 'id': '1281685183901708288'}]",,,,
1472917737945108481,1472686326969356289,2021-12-20 09:12:08 SA Western Standard Time,2021-12-20,09:12:08,-0400,611745547,landmobilelaw,Alan Tilles,,"@larainenewman One of the great things about being a Radio/TV/Film major in college in the 70s was being able to study The Ritz Brothers and write papers on Alfred Hitchcock, et. al.",en,[],[],[],0,0,0,[],[],https://twitter.com/LandMobileLaw/status/1472917737945108481,False,,0,,Republica Dominicana,,,,,,"[{'screen_name': 'larainenewman', 'name': 'Laraine Newman', 'id': '2727532069'}]",,,,
1472916592170258438,1470769611515834379,2021-12-20 09:07:35 SA Western Standard Time,2021-12-20,09:07:35,-0400,100538765,doctor_cr,W,,@BradleyJohn10 Can you maybe point to some of his peer/reviewed papers on virology and epidemiology?,en,[],[],[],1,0,0,[],[],https://twitter.com/Doctor_Cr/status/1472916592170258438,False,,0,,Republica Dominicana,,,,,,"[{'screen_name': 'BradleyJohn10', 'name': 'Bradley', 'id': '479901087'}]",,,,
1472916557185568771,1472916557185568771,2021-12-20 09:07:27 SA Western Standard Time,2021-12-20,09:07:27,-0400,152374093,panoramapapers,Panorama Papers,,Cameroun &gt; Crise Anglophone: Wilfried Ekanga en conf√©rence le 22 janvier 2022  https://t.co/AGclJZgPld,fr,[],['https://panoramapapers.com/cameroun-crise-anglophone-wilfried-ekanga-en-conference-le-22-janvier-2022/'],[],0,0,0,[],[],https://twitter.com/Panoramapapers/status/1472916557185568771,False,,0,,Republica Dominicana,,,,,,[],,,,
1472916472993398789,1472877254606835715,2021-12-20 09:07:07 SA Western Standard Time,2021-12-20,09:07:07,-0400,2619728153,fashionmaven88,Mavelous,,@PaganTrelawney @MamaSassington @ortonheart @jozzzaphen Of course not but taxes aren‚Äôt the same thing as buying the UK papers so they are the most circulated.   Unless you‚Äôre saying the UK people‚Äôs taxes pay for the tabloid papers? Wait - does it? That‚Äôs a whole other topic then.,en,[],[],[],1,0,0,[],[],https://twitter.com/FashionMaven88/status/1472916472993398789,False,,0,,Republica Dominicana,,,,,,"[{'screen_name': 'PaganTrelawney', 'name': 'Pagan Trelawney GCVOIDGAF', 'id': '1069238917390569472'}, {'screen_name': 'MamaSassington', 'name': 'Jennifer', 'id': '921252660'}, {'screen_name': 'ortonheart', 'name': 'Enno', 'id': '114179751'}, {'screen_name': 'jozzzaphen', 'name': 'Henry_Rachel_Archie_Liliüôèüèæ', 'id': '967065527150698496'}]",,,,
1472916065441222664,1472916065441222664,2021-12-20 09:05:30 SA Western Standard Time,2021-12-20,09:05:30,-0400,774488371917889536,sweetchicsha,Sha,,Finally finished my one of my final papers and my professor could open the document smh ü§¶üèæ‚Äç‚ôÄÔ∏èüòí,en,[],[],[],0,0,0,[],[],https://twitter.com/sweetchicsha/status/1472916065441222664,False,,0,,Republica Dominicana,,,,,,[],,,,
1472915852601270275,1472875717469908993,2021-12-20 09:04:39 SA Western Standard Time,2021-12-20,09:04:39,-0400,1469093131538817024,paulmention,Paul 7 day banned for daring mention 5g Dawson 2,,@babygigimom @PhilojoshuaHay or buy all the papers and bin them,en,[],[],[],0,0,0,[],[],https://twitter.com/PaulMention/status/1472915852601270275,False,,0,,Republica Dominicana,,,,,,"[{'screen_name': 'babygigimom', 'name': 'Katie', 'id': '4614531819'}, {'screen_name': 'PhilojoshuaHay', 'name': 'Scotrates', 'id': '1416369396'}]",,,,
1472915831659053060,1472895739340730370,2021-12-20 09:04:34 SA Western Standard Time,2021-12-20,09:04:34,-0400,1349892499947614213,jacobrobinsonjd,Jacob Robinson,,"@DonnaRedel Donna, would any students be interested in publishing on  https://t.co/jDe5rQmomI? Putting together a law student section - could be a great for them &amp; offer the community the insights in their papers",en,[],['http://LawofCode.io'],[],0,0,0,[],[],https://twitter.com/JacobRobinsonJD/status/1472915831659053060,False,,0,,Republica Dominicana,,,,,,"[{'screen_name': 'DonnaRedel', 'name': 'Donna Redel', 'id': '1136435839830036480'}]",,,,
1472915589601636354,1472911368248508417,2021-12-20 09:03:36 SA Western Standard Time,2021-12-20,09:03:36,-0400,1422955594613469185,ael_saor_alba,Aelthric - #BriansForIndy,,"@nicoll_fletcher Take a leaf out of the YOON papers and simply call it ""Johnson"" the way they refer to our First Minister Nicola Sturgeon and simply ""Sturgeon"".  First Minister Nicola Sturgeon at least has earned her honourific title Johnson Hasn't!!!  https://t.co/wRfEZIfpc8",en,[],[],"['https://pbs.twimg.com/media/FHDY5PVX0AYwDV_.jpg', 'https://pbs.twimg.com/media/FHDY6oYXoAAdbc9.jpg']",0,0,0,[],[],https://twitter.com/Ael_Saor_Alba/status/1472915589601636354,False,,1,https://pbs.twimg.com/media/FHDY5PVX0AYwDV_.jpg,Republica Dominicana,,,,,,"[{'screen_name': 'nicoll_fletcher', 'name': 'Nicoll Fletcher', 'id': '1352316816509558787'}]",,,,
1472915434789687300,1472746722602340352,2021-12-20 09:02:59 SA Western Standard Time,2021-12-20,09:02:59,-0400,1601283139,triplettlr,Lindsay Triplett üå±,,"@surt_lab I'm thinking of framing 100-year-old papers about the diseases I study, as a reminder that my working 15 extra years won't keep the bacteria from winning. üß´ü•á",en,[],[],[],0,0,1,[],[],https://twitter.com/triplettlr/status/1472915434789687300,False,,0,,Republica Dominicana,,,,,,"[{'screen_name': 'surt_lab', 'name': 'Dr. Dave Baltrus, but Christmaser', 'id': '155230346'}]",,,,
1472915347892277249,1472915347892277249,2021-12-20 09:02:39 SA Western Standard Time,2021-12-20,09:02:39,-0400,1150601044084310016,edgarav78819088,"LUZBEL, la Luz frente a los dogmas.",,"CONSEJO DE LA JUDICATURA  SI SABEN DE ESTA CRIATURA, A QUIEN SE  LA BUSCA PARA QUE TRATE EL CASO INA PAPERS Y PANDORA, AVISAR D√ìNDE SE ENCUENTRA.                           https://t.co/hwbIVKm6tb",es,[],['https://twitter.com/SaritaArce3/status/1457626721868451840?t=oBY-n_QNPOC8pa0GhAUWzQ&s=09'],[],0,0,0,[],[],https://twitter.com/EdgarAv78819088/status/1472915347892277249,False,https://twitter.com/SaritaArce3/status/1457626721868451840?t=oBY-n_QNPOC8pa0GhAUWzQ&s=09,0,,Republica Dominicana,,,,,,[],,,,
1472914710911717389,1472914710911717389,2021-12-20 09:00:07 SA Western Standard Time,2021-12-20,09:00:07,-0400,1344951,wired,WIRED,,"Takes a deeper look into thousands of internal documents, showing a company rife with issues that it largely failed to address. WIRED explores the Facebook Papers.  https://t.co/MB01ofGCMb",en,[],['https://wired.trib.al/0X0xd2t'],[],2,5,17,[],[],https://twitter.com/WIRED/status/1472914710911717389,False,,0,,Republica Dominicana,,,,,,[],,,,
1472913669503832065,1472913669503832065,2021-12-20 08:55:58 SA Western Standard Time,2021-12-20,08:55:58,-0400,1424193460169490437,morgan12jef,Jef Morgan,,"Biden just signs the papers and passes the bills, who is writing the bills",en,[],[],[],0,0,0,[],[],https://twitter.com/Morgan12Jef/status/1472913669503832065,False,,0,,Republica Dominicana,,,,,,[],,,,
1472912809042325505,1472912809042325505,2021-12-20 08:52:33 SA Western Standard Time,2021-12-20,08:52:33,-0400,476365732,papersandtoe,Billy,, https://t.co/UxluFaMlXo,und,[],['https://open.spotify.com/track/3I0dN772m3y3REGdISD6P0?si=6YfFTrwYSvuF1IkoxVwlqA'],[],0,0,0,[],[],https://twitter.com/PapersAndToe/status/1472912809042325505,False,,0,,Republica Dominicana,,,,,,[],,,,
1472912700544008193,1472912700544008193,2021-12-20 08:52:07 SA Western Standard Time,2021-12-20,08:52:07,-0400,476365732,papersandtoe,Billy,,Stuntin like my granddaddy nothing like my pops üßèüèΩ‚Äç‚ôÇÔ∏è,en,[],[],[],0,0,0,[],[],https://twitter.com/PapersAndToe/status/1472912700544008193,False,,0,,Republica Dominicana,,,,,,[],,,,
1472912010954354689,1472907567072428033,2021-12-20 08:49:23 SA Western Standard Time,2021-12-20,08:49:23,-0400,1428004962076856324,steveha12771218,Steve Harris,,"@AdamBienkov The public have no idea what was being discussed. They can see people mingling in a social environment completely absent of anything that implied this was work related (no papers, laptops) and with the PMs wife attending.",en,[],[],[],0,0,4,[],[],https://twitter.com/SteveHa12771218/status/1472912010954354689,False,,0,,Republica Dominicana,,,,,,"[{'screen_name': 'AdamBienkov', 'name': 'Adam Bienkov', 'id': '14476016'}]",,,,
1472911751763361795,1472911751763361795,2021-12-20 08:48:21 SA Western Standard Time,2021-12-20,08:48:21,-0400,1296287501196222464,shooga_lovesk,‚ü≠‚ü¨‚Å∑cha ‚ô™ ia ‚Ä¢ writing term papers...‚å®Ô∏è‚òï,,TOP TIER!!!!!!,nl,[],[],[],0,0,0,[],[],https://twitter.com/shooga_lovesk/status/1472911751763361795,False,https://twitter.com/mecoarchive/status/1472889017997807616,0,,Republica Dominicana,,,,,,[],,,,
1472911434636042244,1472911434636042244,2021-12-20 08:47:06 SA Western Standard Time,2021-12-20,08:47:06,-0400,208706690,jamesbazan,Jim Baz√°n,,"So far, all I'm seeing in WV papers osAP coverage, except in the Charleston Gazette.  https://t.co/JPNo9BbvEj",en,[],[],['https://pbs.twimg.com/media/FHDVJKqWQAUDGRF.jpg'],0,1,0,[],[],https://twitter.com/JamesBazan/status/1472911434636042244,False,,1,https://pbs.twimg.com/media/FHDVJKqWQAUDGRF.jpg,Republica Dominicana,,,,,,[],,,,
1472911190049308684,1472909726161715200,2021-12-20 08:46:07 SA Western Standard Time,2021-12-20,08:46:07,-0400,41945490,fritzpape,Fritz Pape,,like maybe if my MLIS program spent more time learning about de-escalation and informed care instead of writing papers about library patrons only as theoretical objects to study libraries could actually evolve into something new instead of being forced into it blindly,en,[],[],[],1,0,5,[],[],https://twitter.com/fritzpape/status/1472911190049308684,False,,0,,Republica Dominicana,,,,,,[],,,,
1472911015335665671,1472911015335665671,2021-12-20 08:45:26 SA Western Standard Time,2021-12-20,08:45:26,-0400,964316671484792834,jimhelik,Jim Helik,,"Grading papers...someone please send me a supply of ""0""...I'm running out.",en,[],[],[],0,0,0,[],[],https://twitter.com/jimhelik/status/1472911015335665671,False,,0,,Republica Dominicana,,,,,,[],,,,
1472910972599820291,1472766884936585227,2021-12-20 08:45:15 SA Western Standard Time,2021-12-20,08:45:15,-0400,876802621,6gunsamurai,Joe Lewis,,"@BekahBunnie Sometimes. More often, I‚Äôll use different wrapping papers for different presents. Star Wars wrapping paper for Star Wars pajamas, for example. And Santa uses different paper than I do.",en,[],[],[],0,0,1,[],[],https://twitter.com/6gunsamurai/status/1472910972599820291,False,,0,,Republica Dominicana,,,,,,"[{'screen_name': 'BekahBunnie', 'name': 'Beks the Halls with the Entrails of Her Enemies', 'id': '1316498802933628936'}]",,,,
1472910488052899841,1472896138743320576,2021-12-20 08:43:20 SA Western Standard Time,2021-12-20,08:43:20,-0400,1347958520239546368,luisaborrell,Luisa N. Borrell,,"@AcademicFemale @AcademicChatter No much! When it comes to papers, I usually send a full draft around and given two weeks and I am lucky when I get comments. But that is not always the case. Thus, I have zero expectations!",en,[],[],[],0,0,2,[],[],https://twitter.com/LuisaBorrell/status/1472910488052899841,False,,0,,Republica Dominicana,,,,,,"[{'screen_name': 'AcademicFemale', 'name': 'Dr. Female Academic', 'id': '1220766882569039872'}, {'screen_name': 'AcademicChatter', 'name': 'Academic Chatter', 'id': '885953601067208705'}]",,,,
1472910408860250122,1472910408860250122,2021-12-20 08:43:01 SA Western Standard Time,2021-12-20,08:43:01,-0400,1472966124,silverscreenin,Silverscreen India,,Actor #AishwaryaRaiBachchan was questioned by the Enforcement Directorate regarding forex violation allegations in the ongoing 2017 Panama Papers case.   https://t.co/03qKnZDgOh,en,[],['https://silverscreenindia.com/life/news/aishwarya-rai-questioned-by-ed-in-2017-panama-papers-case/'],[],0,0,1,['aishwaryaraibachchan'],[],https://twitter.com/silverscreenin/status/1472910408860250122,False,,0,,Republica Dominicana,,,,,,[],,,,
1472910193562370050,1472909254755508224,2021-12-20 08:42:10 SA Western Standard Time,2021-12-20,08:42:10,-0400,1353110652,neverfuckthat,El Caesar,,@Expresoec Y como sabemos si por esto de los Pandora Papers  la empresa adjudicada no tenga partes relacionadas con el #LassoEvassor?,es,[],[],[],0,0,0,['lassoevassor'],[],https://twitter.com/neverfuckthat/status/1472910193562370050,False,,0,,Republica Dominicana,,,,,,"[{'screen_name': 'Expresoec', 'name': 'Diario Expreso', 'id': '35047698'}]",,,,
1472910030768848905,1472904428013465600,2021-12-20 08:41:31 SA Western Standard Time,2021-12-20,08:41:31,-0400,55832062,miguelorlandoam,Miguel Orlando,,"@Demeuna Gente que pone por encima los papers de investigaciones econ√≥micas a los testimonios de familias con necesidades b√°sicas insatisfechas, que pone por encima sus proyecciones econ√≥micas con datos de hace 5 a√±os a los reclamos justos de las mujeres y j√≥venes desempleados.",es,[],[],[],0,1,1,[],[],https://twitter.com/MiguelOrlandoAM/status/1472910030768848905,False,,0,,Republica Dominicana,,,,,,"[{'screen_name': 'Demeuna', 'name': 'Alejandro Samper', 'id': '182804419'}]",,,,
1472909307054276611,1472887274861903879,2021-12-20 08:38:38 SA Western Standard Time,2021-12-20,08:38:38,-0400,189544962,granny_cool,Sue Russell,,"@FosterofCats BBC R4 is your only man. They still make programmes, as opposed to just rehashing stuff they take from the papers .",en,[],[],[],0,0,1,[],[],https://twitter.com/Granny_Cool/status/1472909307054276611,False,,0,,Republica Dominicana,,,,,,"[{'screen_name': 'FosterofCats', 'name': 'Dorothy', 'id': '1639992085'}]",,,,
1472908913142083589,1472908913142083589,2021-12-20 08:37:04 SA Western Standard Time,2021-12-20,08:37:04,-0400,60960270,carloselpana,Carlos from Caracas,,"Papers no le ganan a la realidad: Boric es inexperto, radical y manipulable. Ya pas√≥ con Allende, hace 50 a√±os, no 500...De Kast se DEC√çA que era ""ultra"", ya que elogi√≥ a Pinochet, mientras Boric mand√≥ a quemar autobuses...",es,[],[],[],0,0,0,[],[],https://twitter.com/carloselpana/status/1472908913142083589,False,https://twitter.com/Econ_Vzla/status/1472709653045907464,0,,Republica Dominicana,,,,,,[],,,,
1472908785740042249,1472908785740042249,2021-12-20 08:36:34 SA Western Standard Time,2021-12-20,08:36:34,-0400,98748688,rustyweise,Rusty Weise,,"We had one of those guys here. A middle school science teacher that submitted papers, got recognition, but was infamously the worst human in the school system. One time midway through the fall/winter semester, he gave every single kid in one class an F.",en,[],[],[],0,0,1,[],[],https://twitter.com/RustyWeise/status/1472908785740042249,False,https://twitter.com/wisco/status/1472907108635009026,0,,Republica Dominicana,,,,,,[],,,,
1472908621046599685,1472877254606835715,2021-12-20 08:35:55 SA Western Standard Time,2021-12-20,08:35:55,-0400,2619728153,fashionmaven88,Mavelous,,@MamaSassington @ortonheart @PaganTrelawney @jozzzaphen Which illustrates a huge difference. Who is buying all these tabloid papers? Brits. Who is watching all those shows? Brits.   So my side eye at the UK is because Brits watch and read and therefore support that trash media. You can‚Äôt compare the Daily Fail to the Washington Post.,en,[],[],[],2,0,0,[],[],https://twitter.com/FashionMaven88/status/1472908621046599685,False,,0,,Republica Dominicana,,,,,,"[{'screen_name': 'MamaSassington', 'name': 'Jennifer', 'id': '921252660'}, {'screen_name': 'ortonheart', 'name': 'Enno', 'id': '114179751'}, {'screen_name': 'PaganTrelawney', 'name': 'Pagan Trelawney GCVOIDGAF', 'id': '1069238917390569472'}, {'screen_name': 'jozzzaphen', 'name': 'Henry_Rachel_Archie_Liliüôèüèæ', 'id': '967065527150698496'}]",,,,
1472908548677849089,1472908548677849089,2021-12-20 08:35:37 SA Western Standard Time,2021-12-20,08:35:37,-0400,1131934455139053568,queenofcrit,üëëTabi writes and crits like whoaüëë,,"I'm likely not going to be around much until the end of the week, as it's a chaotic few days of getting multiple papers out before the weekend. But I wanted to write this out while I'm remembering, before I forget. /1",en,[],[],[],2,0,11,[],[],https://twitter.com/QueenofCrit/status/1472908548677849089,False,,0,,Republica Dominicana,,,,,,[],,,,
1472908187712069637,1472877254606835715,2021-12-20 08:34:11 SA Western Standard Time,2021-12-20,08:34:11,-0400,2619728153,fashionmaven88,Mavelous,,"@MamaSassington @ortonheart @PaganTrelawney @jozzzaphen From my perspective it‚Äôs different. It‚Äôs not ‚Äúwe have crap media too‚Äù. Because we don‚Äôt. Not in the same way. The most circulated papers in the UK are the tabloid media. In the US, it‚Äôs real journalism papers. Yes we have Faux News but that‚Äôs ONE crap cable network vs all in UK.",en,[],[],[],1,0,0,[],[],https://twitter.com/FashionMaven88/status/1472908187712069637,False,,0,,Republica Dominicana,,,,,,"[{'screen_name': 'MamaSassington', 'name': 'Jennifer', 'id': '921252660'}, {'screen_name': 'ortonheart', 'name': 'Enno', 'id': '114179751'}, {'screen_name': 'PaganTrelawney', 'name': 'Pagan Trelawney GCVOIDGAF', 'id': '1069238917390569472'}, {'screen_name': 'jozzzaphen', 'name': 'Henry_Rachel_Archie_Liliüôèüèæ', 'id': '967065527150698496'}]",,,,
1472906660477906951,1472906660477906951,2021-12-20 08:28:07 SA Western Standard Time,2021-12-20,08:28:07,-0400,213435532,hippiedoo,Chris Aloia,,"As a Cloud Architect for Microsoft, I wrote white papers and gave talks on emerging tech. I don‚Äôt do that anymore but I realize learning blockchain is like drinking through a firehose. I‚Äôll leave my followers this: Who‚Äôs really chasing whom? Who‚Äôs risking the most to chase?  GLTA",en,[],[],[],0,0,0,[],[],https://twitter.com/hippiedoo/status/1472906660477906951,False,,0,,Republica Dominicana,,,,,,[],,,,
1472905269000687617,1472726517377638403,2021-12-20 08:22:36 SA Western Standard Time,2021-12-20,08:22:36,-0400,1243361494630268928,javierapie,Javier,,@LassoSX Testaferro pandora papers,pt,[],[],[],0,0,0,[],[],https://twitter.com/javierapie/status/1472905269000687617,False,,0,,Republica Dominicana,,,,,,"[{'screen_name': 'LassoSX', 'name': 'Santi Lasso üá™üá® - Saxalo', 'id': '570206652'}]",,,,
1472905254882664452,1472547442843344899,2021-12-20 08:22:32 SA Western Standard Time,2021-12-20,08:22:32,-0400,64041203,chrissmolinski,Chris Smolinski,,@CarolNikita4 @markethearty @T_Crowley321 @drjamesdinic I just remembered that I actually wrote up a post about the mis-interpretation of two of these papers:   https://t.co/VNiqt5szwY,en,[],['https://easyketo.blackcatsystems.com/index.php/2019/08/26/do-artificial-sweeteners-cause-problems-on-a-ketogenic-diet/'],[],1,0,1,[],[],https://twitter.com/ChrisSmolinski/status/1472905254882664452,False,,0,,Republica Dominicana,,,,,,"[{'screen_name': 'CarolNikita4', 'name': 'violent blonde', 'id': '1032886268198350848'}, {'screen_name': 'markethearty', 'name': 'HeartyFoodsMarket', 'id': '1437497301333913603'}, {'screen_name': 'T_Crowley321', 'name': 'Tim Crowley', 'id': '452740798'}, {'screen_name': 'drjamesdinic', 'name': 'James DiNicolantonio', 'id': '2832261790'}]",,,,
1472904704032186372,1472904704032186372,2021-12-20 08:20:21 SA Western Standard Time,2021-12-20,08:20:21,-0400,1438364466052276225,pegalecandela,P√©gale Candela,,#LiberenAAlexSaab que si EEUU va a acusar a los dem√°s de lavado de dinero ya por ah√≠ hay un vicio no solo jur√≠dico sino moral. Primero EEUU tiene mucho que explicar sobre los archivos de Wikileaks y Panam√° Papers y todos los Papers... Mientras tanto son unos inmorales.  https://t.co/kPHBtoLGbN,es,[],[],['https://pbs.twimg.com/media/FHDOZQeWQAYwt8V.jpg'],0,0,0,['liberenaalexsaab'],[],https://twitter.com/pegalecandela/status/1472904704032186372,False,,1,https://pbs.twimg.com/media/FHDOZQeWQAYwt8V.jpg,Republica Dominicana,,,,,,[],,,,
1472903116202729475,1472903116202729475,2021-12-20 08:14:02 SA Western Standard Time,2021-12-20,08:14:02,-0400,721141562,jesse_brodkin,Jesse brodkin,,That's 2 $sava-fraud Wang papers on the road to retraction... only 29 more to go üöíüöí,en,[],[],[],0,0,4,[],['sava'],https://twitter.com/jesse_brodkin/status/1472903116202729475,False,https://twitter.com/Adrian_H/status/1472321279130750980,0,,Republica Dominicana,,,,,,[],,,,
1472902539758682114,1472547442843344899,2021-12-20 08:11:45 SA Western Standard Time,2021-12-20,08:11:45,-0400,64041203,chrissmolinski,Chris Smolinski,,@CarolNikita4 @markethearty @T_Crowley321 @drjamesdinic I recall reading one paper Fung cited for claims about artificial sweeteners raising insulin (sounds like it was another one) where they actually gave the subjects crackers in addition to the sweetener.  You gotta really read the papers in detail to see what was going on.,en,[],[],[],1,0,1,[],[],https://twitter.com/ChrisSmolinski/status/1472902539758682114,False,,0,,Republica Dominicana,,,,,,"[{'screen_name': 'CarolNikita4', 'name': 'violent blonde', 'id': '1032886268198350848'}, {'screen_name': 'markethearty', 'name': 'HeartyFoodsMarket', 'id': '1437497301333913603'}, {'screen_name': 'T_Crowley321', 'name': 'Tim Crowley', 'id': '452740798'}, {'screen_name': 'drjamesdinic', 'name': 'James DiNicolantonio', 'id': '2832261790'}]",,,,
1472902453460938753,1472551890412003330,2021-12-20 08:11:24 SA Western Standard Time,2021-12-20,08:11:24,-0400,162679757,tselsmark,Tina Selsmark,,"@seasylvia2005 @ScarlettBeagle @rickygervais @PeterEgan6 2/3 illegal testing on eg monkies, are moved to hidden laboraties with no outside control. The public should at least have access to all info .We need journalists (eg .@JournoJane ) in, with .@PeterEgan6 , @rickygervais  plus .@Act4AnimalsEU .We need access to papers and",en,"[{'screen_name': 'journojane', 'name': 'jane dalton', 'id': '21114741'}, {'screen_name': 'peteregan6', 'name': 'peter egan', 'id': '452100948'}, {'screen_name': 'rickygervais', 'name': 'ricky gervais', 'id': '20015311'}, {'screen_name': 'act4animalseu', 'name': 'eurogroup for animals', 'id': '301962639'}]",[],[],0,0,1,[],[],https://twitter.com/tselsmark/status/1472902453460938753,False,,0,,Republica Dominicana,,,,,,"[{'screen_name': 'seasylvia2005', 'name': 'sylvia jackson', 'id': '256676751'}, {'screen_name': 'ScarlettBeagle', 'name': 'Scarlett, Beagle Ambassador for FLOE', 'id': '971060673437425667'}, {'screen_name': 'rickygervais', 'name': 'Ricky Gervais', 'id': '20015311'}, {'screen_name': 'PeterEgan6', 'name': 'Peter Egan', 'id': '452100948'}]",,,,
1472901758758305797,1472901758758305797,2021-12-20 08:08:39 SA Western Standard Time,2021-12-20,08:08:39,-0400,1442297898604007425,threeequalsfive,Three Equals Five,,"A hypermajority of United States citizens seem to not understand the foundational aspects of the country's governmental system and appear to not have read The Constitution, The Declaration of Independence, and the Federalist Papers. It would be very helpful if they would.",en,[],[],[],0,0,0,[],[],https://twitter.com/ThreeEqualsFive/status/1472901758758305797,False,,0,,Republica Dominicana,,,,,,[],,,,
1472901690823266313,1472639396327350283,2021-12-20 08:08:22 SA Western Standard Time,2021-12-20,08:08:22,-0400,368008358,1964jes,JESUS DE LA CRUZ,,@notimundoec @VillaFernando_ @FiscaliaEcuador Telonazos de humo para los pandora papers,es,[],[],[],0,0,0,[],[],https://twitter.com/1964JES/status/1472901690823266313,False,,0,,Republica Dominicana,,,,,,"[{'screen_name': 'notimundoec', 'name': 'NotiMundo', 'id': '2457143496'}, {'screen_name': 'VillaFernando_', 'name': 'Fernando Villavicencio Valencia', 'id': '1040325294736007169'}, {'screen_name': 'FiscaliaEcuador', 'name': 'Fiscal√≠a Ecuador', 'id': '134671641'}]",,,,
1472901305937149957,1472883815987167238,2021-12-20 08:06:51 SA Western Standard Time,2021-12-20,08:06:51,-0400,313921510,iomadh,iomadh,,@MrHarryCole who needs papers at a meeting?  cheese and wine are the only things you need,en,[],[],[],0,0,17,[],[],https://twitter.com/iomadh/status/1472901305937149957,False,,0,,Republica Dominicana,,,,,,"[{'screen_name': 'MrHarryCole', 'name': 'Harry Cole', 'id': '15348883'}]",,,,
1472900967800713216,1472648341930450949,2021-12-20 08:05:30 SA Western Standard Time,2021-12-20,08:05:30,-0400,1934777126,annafisher449,Anna Fisher,,"@allafarce Last month I called SS to make phone appt for my parents. We are in PA. Last week we got a call about their case from a SS rep in WV, 6 hr drive from us. To prove eligibility they had to mail naturalization papers to WV, terrified that they‚Äôll be lost in mail.",en,[],[],[],0,0,0,[],[],https://twitter.com/AnnaFisher449/status/1472900967800713216,False,,0,,Republica Dominicana,,,,,,"[{'screen_name': 'allafarce', 'name': 'Dave Guarino', 'id': '109090495'}]",,,,
1472900667828232192,1472880998522273796,2021-12-20 08:04:19 SA Western Standard Time,2021-12-20,08:04:19,-0400,78072676,ajctwit,Alexis Cleveland,,"@Chrisarmst @terry_moran1 I know realise just how bad I was at hosting meetings and away days.  Belated apologies to all those who had to plough through reams of papers (actual then electronic), discuss issues, report progress and take decisions without the support of wine - even at dinner.",en,[],[],[],3,0,4,[],[],https://twitter.com/Ajctwit/status/1472900667828232192,False,,0,,Republica Dominicana,,,,,,"[{'screen_name': 'Chrisarmst', 'name': 'Chris Armstrong', 'id': '577161192'}, {'screen_name': 'terry_moran1', 'name': 'Terry Moran CB üíô', 'id': '1405893733'}]",,,,
1472900632659038212,1472674431335952388,2021-12-20 08:04:10 SA Western Standard Time,2021-12-20,08:04:10,-0400,997919427734786050,williamrichans1,William Ric-Hansen,,@Chicagofan76 @LuisMccarthy @pdegiusti @frankiemillie10 @ksorbs In every study where they said the vaccine has a 80-95% efficacy... i.e. hundreds of articles and papers,en,[],[],[],1,0,0,[],[],https://twitter.com/WilliamRicHans1/status/1472900632659038212,False,,0,,Republica Dominicana,,,,,,"[{'screen_name': 'Chicagofan76', 'name': 'Todd', 'id': '1330297476'}, {'screen_name': 'LuisMccarthy', 'name': 'Luis McCarthy', 'id': '2897941217'}, {'screen_name': 'pdegiusti', 'name': 'Paul DeGiusti', 'id': '19308107'}, {'screen_name': 'frankiemillie10', 'name': 'marmaduke', 'id': '75777132'}, {'screen_name': 'ksorbs', 'name': 'Kevin Sorbo', 'id': '33608041'}]",,,,
1472900136225411073,1472900136225411073,2021-12-20 08:02:12 SA Western Standard Time,2021-12-20,08:02:12,-0400,1270756831808323587,photocat_papers,Photocatalysis Papers,,(Plasmonic gold core)@(ultrathin ruthenium shell) nanostructures as antenna-reactor photocatalysts toward nitrogen photofixation  https://t.co/9GL4LoDIf3,en,[],['http://pubs.rsc.org/en/Content/ArticleLanding/2022/CC/D1CC06014G'],[],0,0,0,[],[],https://twitter.com/Photocat_papers/status/1472900136225411073,False,,0,,Republica Dominicana,,,,,,[],,,,
1472899974849519616,1472899974849519616,2021-12-20 08:01:33 SA Western Standard Time,2021-12-20,08:01:33,-0400,1270756831808323587,photocat_papers,Photocatalysis Papers,,"Selective 1,4-Arylsulfonation of 1,3-Enynes via Photoredox/Nickel Dual Catalysis  https://t.co/cC8ZY6EhiJ",en,[],['http://pubs.rsc.org/en/Content/ArticleLanding/2022/QO/D1QO01653A'],[],0,0,0,[],[],https://twitter.com/Photocat_papers/status/1472899974849519616,False,,0,,Republica Dominicana,,,,,,[],,,,
